{
  "lora_rank": 64,
  "mean_dim_90": 39.0,
  "mean_dim_95": 85.4,
  "lora_sufficient_90": true,
  "per_layer": {
    "1": {
      "dim_90": 186.0,
      "dim_95": 281.0,
      "top5_energy_frac": 0.5494875311851501,
      "rank_svals": [
        886.1094970703125,
        340.4639892578125,
        176.32139587402344,
        141.23223876953125,
        135.77584838867188,
        127.14614868164062,
        122.31344604492188,
        115.18895721435547,
        110.86600494384766,
        106.4691390991211,
        105.04946899414062,
        99.3279037475586,
        98.36874389648438,
        96.29641723632812,
        94.17523193359375,
        92.11115264892578
      ]
    },
    "16": {
      "dim_90": 1.0,
      "dim_95": 1.0,
      "top5_energy_frac": 0.9992568492889404,
      "rank_svals": [
        134897.546875,
        12694.9599609375,
        706.7155151367188,
        597.0817260742188,
        527.3555297851562,
        505.4880676269531,
        469.23663330078125,
        441.0956726074219,
        425.4455871582031,
        414.2333679199219,
        400.8079833984375,
        388.5915832519531,
        375.2842712402344,
        372.2659606933594,
        357.7349853515625,
        344.29058837890625
      ]
    },
    "32": {
      "dim_90": 1.0,
      "dim_95": 1.0,
      "top5_energy_frac": 0.9981539249420166,
      "rank_svals": [
        135864.765625,
        12169.62109375,
        1073.2764892578125,
        919.6913452148438,
        784.314208984375,
        734.5167846679688,
        701.4244995117188,
        680.7776489257812,
        657.6986694335938,
        640.2412109375,
        603.3048706054688,
        590.23681640625,
        579.1619262695312,
        550.7001953125,
        538.3436279296875,
        530.9512939453125
      ]
    },
    "47": {
      "dim_90": 1.0,
      "dim_95": 1.0,
      "top5_energy_frac": 0.9974592328071594,
      "rank_svals": [
        147589.984375,
        11429.30078125,
        1658.7481689453125,
        1441.405029296875,
        1194.2779541015625,
        1092.6282958984375,
        1001.974853515625,
        969.0836181640625,
        939.7915649414062,
        898.98828125,
        859.6813354492188,
        829.5103759765625,
        783.08154296875,
        775.0217895507812,
        747.10205078125,
        732.7218017578125
      ]
    },
    "62": {
      "dim_90": 6.0,
      "dim_95": 143.0,
      "top5_energy_frac": 0.8986159563064575,
      "rank_svals": [
        118326.2734375,
        52745.59765625,
        8070.15087890625,
        7056.27099609375,
        6911.20751953125,
        5734.84228515625,
        5443.1064453125,
        5016.1083984375,
        4737.552734375,
        4648.583984375,
        4374.2744140625,
        4181.09423828125,
        4005.21728515625,
        3959.6337890625,
        3765.61376953125,
        3670.4775390625
      ]
    }
  }
}