{
  "kl_values": [
    0.0,
    0.2,
    0.4,
    0.6,
    0.8,
    1.0
  ],
  "syco_rates": [
    0.3125,
    0.234375,
    0.15625,
    0.125,
    0.09375,
    0.03125
  ],
  "capability_scores": [
    -1.2517104461602455,
    -1.2619457989821297,
    -1.2775647831736194,
    -1.2938714473670954,
    -1.3070264126152877,
    -1.331718405468462
  ],
  "b_weight_norms": [
    0.0,
    0.034894203243311495,
    0.06978840648662299,
    0.1046981239633169,
    0.13957681297324598,
    0.17446154012577608
  ],
  "pareto_frontier": [
    [
      0.3125,
      -1.2517104461602455
    ],
    [
      0.234375,
      -1.2619457989821297
    ],
    [
      0.15625,
      -1.2775647831736194
    ],
    [
      0.125,
      -1.2938714473670954
    ],
    [
      0.09375,
      -1.3070264126152877
    ],
    [
      0.03125,
      -1.331718405468462
    ]
  ],
  "optimal_kl": 1.0,
  "tax_slope": -0.2844727442069923
}