{
  "breakpoints": [
    50,
    125,
    689,
    803,
    853
  ],
  "n_phases": 6,
  "segment_means": [
    -4.22958841972351,
    -5.687117617670695,
    -4.915818341589989,
    -4.57498812006231,
    -5.5208476920127865,
    -4.243544666361647
  ],
  "phase_labels": [
    "Exploration",
    "Attack adapts",
    "Rapid improvement",
    "Rapid improvement",
    "Attack adapts",
    "Rapid improvement"
  ],
  "segment_ranges": [
    [
      0,
      49
    ],
    [
      50,
      124
    ],
    [
      125,
      688
    ],
    [
      689,
      802
    ],
    [
      803,
      852
    ],
    [
      853,
      999
    ]
  ]
}