{
  "base_entropy": 6.3597171271640995,
  "defend_entropy": 6.341771926984581,
  "attack_entropy": 6.361937887985768,
  "tpeg_defend": -0.017945200179518395,
  "tpeg_attack": 0.0022207608216682218,
  "entropy_gap": -0.020165961001186616,
  "per_layer_base": {
    "1": 11.856800684472452,
    "32": 0.45441151971903043,
    "62": 0.0073418074941940335
  },
  "per_layer_defend": {
    "1": 11.856641826901562,
    "32": 0.45332556476361596,
    "62": 0.006788958641980167
  },
  "per_layer_attack": {
    "1": 11.856762532498346,
    "32": 0.4537982425167517,
    "62": 0.006945022570238037
  }
}