{
  "mean_alignment": 0.016190440289847174,
  "max_alignment": 0.075968898832798,
  "best_layer_name": "model.layers.1.self_attn.v_proj",
  "best_layer_full_dw_align": 0.07556761801242828,
  "attack_defend_ortho": 0.0037798572666360997,
  "layer_alignments": {
    "model.layers.0.self_attn.q_proj": 0.0035496160853654146,
    "model.layers.0.self_attn.v_proj": 0.005432910285890102,
    "model.layers.1.self_attn.q_proj": 0.005695782136172056,
    "model.layers.1.self_attn.v_proj": 0.075968898832798,
    "model.layers.2.self_attn.q_proj": 0.003618140472099185,
    "model.layers.2.self_attn.v_proj": 0.024829208850860596,
    "model.layers.3.self_attn.q_proj": 0.018102377653121948,
    "model.layers.3.self_attn.v_proj": 0.02209492027759552,
    "model.layers.4.self_attn.q_proj": 0.00872296653687954,
    "model.layers.4.self_attn.v_proj": 0.01729079708456993,
    "model.layers.5.self_attn.q_proj": 0.0024018040858209133,
    "model.layers.5.self_attn.v_proj": 0.03385733813047409,
    "model.layers.6.self_attn.q_proj": 0.010087277740240097,
    "model.layers.6.self_attn.v_proj": 0.017877457663416862,
    "model.layers.7.self_attn.q_proj": 0.006621633190661669,
    "model.layers.7.self_attn.v_proj": 0.014357898384332657,
    "model.layers.8.self_attn.q_proj": 0.0018842746503651142,
    "model.layers.8.self_attn.v_proj": 0.024554435163736343,
    "model.layers.9.self_attn.q_proj": 0.007566890213638544,
    "model.layers.9.self_attn.v_proj": 0.006771377753466368,
    "model.layers.10.self_attn.q_proj": 0.018628455698490143,
    "model.layers.10.self_attn.v_proj": 0.04473118484020233,
    "model.layers.11.self_attn.q_proj": 0.011378280818462372,
    "model.layers.11.self_attn.v_proj": 0.01682690531015396,
    "model.layers.12.self_attn.q_proj": 0.004768168553709984,
    "model.layers.12.self_attn.v_proj": 0.015775417909026146,
    "model.layers.13.self_attn.q_proj": 0.0027457461692392826,
    "model.layers.13.self_attn.v_proj": 0.046381399035453796,
    "model.layers.14.self_attn.q_proj": 6.672972813248634e-05,
    "model.layers.14.self_attn.v_proj": 0.008452314883470535,
    "model.layers.15.self_attn.q_proj": 0.006927907466888428,
    "model.layers.15.self_attn.v_proj": 0.01638507843017578,
    "model.layers.16.self_attn.q_proj": 0.005887093022465706,
    "model.layers.16.self_attn.v_proj": 0.011351938359439373,
    "model.layers.17.self_attn.q_proj": 0.00835906807333231,
    "model.layers.17.self_attn.v_proj": 0.016447510570287704,
    "model.layers.18.self_attn.q_proj": 0.013113263063132763,
    "model.layers.18.self_attn.v_proj": 0.02342737466096878,
    "model.layers.19.self_attn.q_proj": 0.018095755949616432,
    "model.layers.19.self_attn.v_proj": 0.02003936655819416,
    "model.layers.20.self_attn.q_proj": 0.009367412887513638,
    "model.layers.20.self_attn.v_proj": 0.03765832260251045,
    "model.layers.21.self_attn.q_proj": 0.003504187799990177,
    "model.layers.21.self_attn.v_proj": 0.04248940944671631,
    "model.layers.22.self_attn.q_proj": 0.001619910355657339,
    "model.layers.22.self_attn.v_proj": 0.017223941162228584,
    "model.layers.23.self_attn.q_proj": 0.027339426800608635,
    "model.layers.23.self_attn.v_proj": 0.002927589463070035,
    "model.layers.24.self_attn.q_proj": 0.007476348429918289,
    "model.layers.24.self_attn.v_proj": 0.03290191665291786,
    "model.layers.25.self_attn.q_proj": 0.02431901916861534,
    "model.layers.25.self_attn.v_proj": 0.012623591348528862,
    "model.layers.26.self_attn.q_proj": 0.010404236614704132,
    "model.layers.26.self_attn.v_proj": 0.02763049118220806,
    "model.layers.27.self_attn.q_proj": 0.0105919623747468,
    "model.layers.27.self_attn.v_proj": 0.04148133471608162,
    "model.layers.28.self_attn.q_proj": 0.01463838666677475,
    "model.layers.28.self_attn.v_proj": 0.012245763093233109,
    "model.layers.29.self_attn.q_proj": 0.007101295981556177,
    "model.layers.29.self_attn.v_proj": 0.04200113192200661,
    "model.layers.30.self_attn.q_proj": 0.00796402059495449,
    "model.layers.30.self_attn.v_proj": 0.04836844652891159,
    "model.layers.31.self_attn.q_proj": 0.01398006547242403,
    "model.layers.31.self_attn.v_proj": 0.025108758360147476,
    "model.layers.32.self_attn.q_proj": 0.010027081705629826,
    "model.layers.32.self_attn.v_proj": 0.049392588436603546,
    "model.layers.33.self_attn.q_proj": 0.0030371472239494324,
    "model.layers.33.self_attn.v_proj": 0.008940789848566055,
    "model.layers.34.self_attn.q_proj": 0.006042847875505686,
    "model.layers.34.self_attn.v_proj": 0.03302253037691116,
    "model.layers.35.self_attn.q_proj": 0.000850143376737833,
    "model.layers.35.self_attn.v_proj": 0.012911461293697357,
    "model.layers.36.self_attn.q_proj": 0.0016718709375709295,
    "model.layers.36.self_attn.v_proj": 0.06713799387216568,
    "model.layers.37.self_attn.q_proj": 0.00593965407460928,
    "model.layers.37.self_attn.v_proj": 0.008011577650904655,
    "model.layers.38.self_attn.q_proj": 0.0013637302909046412,
    "model.layers.38.self_attn.v_proj": 0.029220711439847946,
    "model.layers.39.self_attn.q_proj": 0.015851641073822975,
    "model.layers.39.self_attn.v_proj": 0.020965401083230972,
    "model.layers.40.self_attn.q_proj": 0.004853555932641029,
    "model.layers.40.self_attn.v_proj": 0.022781625390052795,
    "model.layers.41.self_attn.q_proj": 0.004242450464516878,
    "model.layers.41.self_attn.v_proj": 0.05341468006372452,
    "model.layers.42.self_attn.q_proj": 0.01704510673880577,
    "model.layers.42.self_attn.v_proj": 0.015318605117499828,
    "model.layers.43.self_attn.q_proj": 0.015582378953695297,
    "model.layers.43.self_attn.v_proj": 0.009629716165363789,
    "model.layers.44.self_attn.q_proj": 0.008406035602092743,
    "model.layers.44.self_attn.v_proj": 0.011279109865427017,
    "model.layers.45.self_attn.q_proj": 0.003625619923695922,
    "model.layers.45.self_attn.v_proj": 0.020853418856859207,
    "model.layers.46.self_attn.q_proj": 0.004642223473638296,
    "model.layers.46.self_attn.v_proj": 0.05286660045385361,
    "model.layers.47.self_attn.q_proj": 0.01448899507522583,
    "model.layers.47.self_attn.v_proj": 0.011424549855291843,
    "model.layers.48.self_attn.q_proj": 0.010063287802040577,
    "model.layers.48.self_attn.v_proj": 0.028788335621356964,
    "model.layers.49.self_attn.q_proj": 0.0028725042939186096,
    "model.layers.49.self_attn.v_proj": 0.031700555235147476,
    "model.layers.50.self_attn.q_proj": 0.001936747576110065,
    "model.layers.50.self_attn.v_proj": 0.025898510590195656,
    "model.layers.51.self_attn.q_proj": 0.01889941841363907,
    "model.layers.51.self_attn.v_proj": 0.008266692981123924,
    "model.layers.52.self_attn.q_proj": 0.009920081123709679,
    "model.layers.52.self_attn.v_proj": 0.026351559907197952,
    "model.layers.53.self_attn.q_proj": 0.016546955332159996,
    "model.layers.53.self_attn.v_proj": 0.04113265126943588,
    "model.layers.54.self_attn.q_proj": 0.005908015184104443,
    "model.layers.54.self_attn.v_proj": 0.0025643939152359962,
    "model.layers.55.self_attn.q_proj": 0.0004119483637623489,
    "model.layers.55.self_attn.v_proj": 0.008227194659411907,
    "model.layers.56.self_attn.q_proj": 0.013291846960783005,
    "model.layers.56.self_attn.v_proj": 0.007336421404033899,
    "model.layers.57.self_attn.q_proj": 0.012908252887427807,
    "model.layers.57.self_attn.v_proj": 0.04356280714273453,
    "model.layers.58.self_attn.q_proj": 0.009075406938791275,
    "model.layers.58.self_attn.v_proj": 0.036078039556741714,
    "model.layers.59.self_attn.q_proj": 0.008290762081742287,
    "model.layers.59.self_attn.v_proj": 0.007169272750616074,
    "model.layers.60.self_attn.q_proj": 0.006007772870361805,
    "model.layers.60.self_attn.v_proj": 0.00815444253385067,
    "model.layers.61.self_attn.q_proj": 0.0016313341911882162,
    "model.layers.61.self_attn.v_proj": 0.006255044601857662,
    "model.layers.62.self_attn.q_proj": 0.0011278297752141953,